AA61Y	Introduction to Journalism
AA62Y	Publications Jacket
AA98Y	English 1
AB89Y	Law and Social Justice I
AB91Y	Law and Social Justice II
AB94Y	Freshman Seminar Humanities: History
AC01Y	Math 1
AC02Y	Math 2
AC03Y	Math 3
AC04Y	Explorations in Data Science
AC39Y	AP Calculus AB
AC71Y	AP Calculus BC
AC83Y	AP Statistics
AC96Y	Advanced Math 3
AC97Y	Advanced Math 1
AC99Y	Advanced Math 2
AD01Y	Physics 1
AD10Y	Biology
AD20Y	AP Biology
AD24Y	AP Environmental Science
AD27Y	Honors Anatomy and Physiology
AD33Y	Integrated Science
AD50Y	Chemistry
AD54Y	AP Chemistry
AD56Y	Biotechnology 1/2
AD63Y	Biotechnology 3/4
AD70Y	AP Physics 1
AD72Y	AP Physics C
AE33Y	Spanish For Native Speakers 3
AE50Y	AP Chinese Language and Culture
AG05Y	Creative Arts
AG15Y	Drawing
AG20Y	Advanced Drawing and Painting
AG25Y	AP Studio Art
AG26Y	AP Studio Art: Photography
AG37Y	Ceramics
AG40Y	Advanced Ceramics
AG53Y	Beginning Photography
AG62Y	Advanced Photography
AG64Y	Graphic Design
AG71Y	IB/AP Art History
AG78Y	Yearbook Design & Publishing
AJ20Y	Music Chorus
AJ21Y	Stagecraft Technical Theatre 1/2
AJ23Y	Stagecraft Technical Theatre 3/4
AJ31Y	Band 1
AJ32Y	Band 2
AJ33Y	Band 3
AJ35Y	Guitar
AJ41Y	Orchestra 1
AJ42Y	Orchestra 2
AJ43Y	Orchestra 3
AJ44Y	Jazz Lab Band I
AJ46Y	Jazz Ensemble
AJ54Y	Beginning Modern/Jazz Dance
AJ55Y	Advanced Dance/Dance Projects
AJ58Y	Dance Production
AJ61Y	AP Music Theory
AJ76Y	Dramatic Arts/Acting Workshop
AJ77Y	Production/Acting
AJ78Y	Advanced Theater Projects
AJ82Y	Jazz Lab Band II
AM02Y	Badminton
AM07Y	Basketball
AM32Y	Soccer
AM40Y	Team Sports
AM41Y	Introduction to Fitness
AN06S	Field Studies
AN52Y	Fire Science
AN53Y	EMT Basic
AN61Y	Introduction to Carpentry
AN62Y	CAD Design Studio
AN83Y	Art of Video Production
AR20Y	Executive leadership
AR25S	Representative leadership
AS42Y	Introduction to Computer Programming
AS44Y	AP Computer Science A
AS45Y	AP Computer Science Principles
AS46Y	Software Engineering: Advanced Topics in Computer Science
AS51Y	Robot Build
AS52Y	Robotics Engineering
AS53Y	Advanced Robotics Engineering
AS55Y	Makerspace Engineering - formerly Mechatronics
AS56Y	Digital Sound Engineering
AS57Y	Advanced Sound Production
AZ18Y	LEAP: College and Career Success Seminar
AZ70Y	AVID
BA06Y	African American Literature
BA65Y	AP Literature & Composition: Patterns in Black Literature
BB04Y	African American History 1/2
BB16S	Black Psychology and Sociology & Anthropology
BB28F	African American Economics
BB54F	Pop Culture: Inventing Hip Hop
BB55F	Black Gold, Black Soul: Oral Expressions in African American Culture
BE81Y	Spanish 1: Spanish in the African Diaspora
BM02Y	African Diaspora Beginning Dance
BM06Y	African Diaspora Advanced Dance
DA19Y	AMPS World Literature
DA92F	BEST-English
DB12Y	AMPS AP U.S. History
DB59F	AMPS Economics
DB77F	AMPS AP Government
DB91F	BEST-History
DB97Y	AMPS World History & Cultures
DD36Y	Honors Forensic Science
DD51Y	AMPS Chemistry
EA10Y	ELD Writing 1
EA12Y	ELD Writing 2
EA18Y	ELD 4 - SEI World Literature
EA54S	ELD 1
EA56Y	ELD 2
EA69Y	ELD 3 - SEI Literature of Diversity
EB07Y	SEI Seminar History
EB94Y	SEI World History
EC01Y	SEI Math 1
EC02Y	SEI Math 2
ED33Y	SEI Integrated Science
FA18Y	CAS World Literature
FA44Y	CAS AP Literature & Composition
FA53S	CAS AP Language & Composition
FB07Y	CAS AP U.S. History
FB91F	CAS BEST History
FB96Y	CAS World History and Cultures
FD27Y	CAS Anatomy and Physiology
FD50Y	CAS Chemistry
FG73Y	CAS - Computer Art
FN15Y	Advanced Digital Photography
HA18Y	AHA World Literature
HA26Y	AHA American Literature
HA44Y	AHA AP Literature and Composition
HA53F	AHA AP Language & Composition
HA71F	The World of Media
HB07Y	AHA U.S. History
HB58S	AHA Economics
HB77F	AHA AP Government
HB96Y	AHA World History
HD27Y	AHA Honors Anatomy and Physiology
HD50Y	AHA Chemistry
HG20Y	AHA Advanced Drawing and Painting
HG25Y	AHA AP Studio Art
IA15Y	IB-HL English 1
IA18Y	BIHS Global Literature
IA75Y	IB-HL English 2
IB07Y	IB-HL History of the Americas 2
IB09F	Theory of Knowledge 1
IB09Y	Theory of Knowledge 2
IB10Y	IB-HL History of the Americas 1
IB20Y	IB-SL Economics
IB79S	Comparative Values and Beliefs
IB80F	BIHS Economics
IC76Y	IB-SL Math Applications and Interpretations
IC77Y	IB-SL Math Analysis and approaches
IC78Y	IB-HL Math Analysis and approaches
ID72Y	IB-SL Biology
ID78Y	IB-SL Environmental Systems & Societies
IE38Y	IB Mandarin B
IG30Y	IB Art History
IJ84Y	IB Music
IN20Y	IB Film
IS44Y	IB Computer Science SL/HL
LA09Y	Latinx Literature Studies
LB62Y	Latinx History
MA18Y	World Literature
MA20Y	LGBTQIA+ Literature
MA44Y	AP Literature & Composition
MA45Y	Asian American and Pacific Islander Literature
MA51Y	Reading & Writing The Short Story
MA78Y	AP Language & Composition
MB12Y	AP U.S. History
MB21Y	Personal Finance: Dream, Plan, Execute, Thrive
MB58F	AP Macroeconomics
MB74F	Politics and Power
MB77F	AP US Government & Politics
MB80F	Globalization
MB96Y	World History
UG63Y	Digital Photography
WE11Y	French I
WE12Y	French II
WE13Y	French III
WE14Y	French IV
WE15Y	French Seminar
WE32Y	Spanish For Native Speakers 2
WE41Y	Mandarin Chinese I
WE42Y	Mandarin Chinese II
WE43Y	Mandarin Chinese III
WE51Y	Latin I
WE52Y	Latin II
WE53Y	Latin III
WE54Y	AP Latin IV
WE81Y	Spanish I
WE82Y	Spanish II
WE83Y	Spanish III
WE84Y	Spanish IV
WE85Y	AP/IB Spanish Language and Culture
WE86Y	AP/IB Spanish Literature and Culture
XR03Y	Economics
XR04Y	U.S. History
XR12Y	Biological Health Sciences
XR13Y	American Government
