HB77F	AHA AP Government
HA53F	AHA AP Language & Composition
HA44Y	AHA AP Literature and Composition
HG25Y	AHA AP Studio Art
HG20Y	AHA Advanced Drawing and Painting
HA26Y	AHA American Literature
HD50Y	AHA Chemistry
HB58S	AHA Economics
HD27Y	AHA Honors Anatomy and Physiology
HB07Y	AHA U.S. History
HB96Y	AHA World History
HA18Y	AHA World Literature
DB77F	AMPS AP Government
DB12Y	AMPS AP U.S. History
DD51Y	AMPS Chemistry
DB59F	AMPS Economics
DB97Y	AMPS World History & Cultures
DA19Y	AMPS World Literature
AD20Y	AP Biology
AC39Y	AP Calculus AB
AC71Y	AP Calculus BC
AD54Y	AP Chemistry
AE50Y	AP Chinese Language and Culture
AS44Y	AP Computer Science A
AS45Y	AP Computer Science Principles
AD24Y	AP Environmental Science
MA78Y	AP Language & Composition
WE54Y	AP Latin IV
MA44Y	AP Literature & Composition
BA65Y	AP Literature & Composition: Patterns in Black Literature
MB58F	AP Macroeconomics
AJ61Y	AP Music Theory
AD70Y	AP Physics 1
AD72Y	AP Physics C
AC83Y	AP Statistics
AG25Y	AP Studio Art
AG26Y	AP Studio Art: Photography
MB12Y	AP U.S. History
MB77F	AP US Government & Politics
WE85Y	AP/IB Spanish Language and Culture
WE86Y	AP/IB Spanish Literature and Culture
AZ70Y	AVID
AG40Y	Advanced Ceramics
AJ55Y	Advanced Dance/Dance Projects
FN15Y	Advanced Digital Photography
AG20Y	Advanced Drawing and Painting
AC97Y	Advanced Math 1
AC99Y	Advanced Math 2
AC96Y	Advanced Math 3
AG62Y	Advanced Photography
AS54Y	Advanced Robot Build
AS53Y	Advanced Robotics Engineering
AS57Y	Advanced Sound Production
FN10Y	Advanced Studio Editing
AJ78Y	Advanced Theater Projects
BB28F	African American Economics
BB04Y	African American History 1/2
BA06Y	African American Literature
BM06Y	African Diaspora Advanced Dance
BM02Y	African Diaspora Beginning Dance
XR13Y	American Government
AN83Y	Art of Video Production
MA45Y	Asian American and Pacific Islander Literature
DA92F	BEST-English
DB91F	BEST-History
IB80F	BIHS Economics
IA18Y	BIHS Global Literature
AM02Y	Badminton
AJ31Y	Band 1
AJ32Y	Band 2
AJ33Y	Band 3
AM07Y	Basketball
AJ54Y	Beginning Modern/Jazz Dance
AG53Y	Beginning Photography
XR12Y	Biological Health Sciences
AD10Y	Biology
AD56Y	Biotechnology 1/2
AD63Y	Biotechnology 3/4
BB55F	Black Gold, Black Soul: Oral Expressions in African American Culture
BB16S	Black Psychology and Sociology & Anthropology
AN62Y	CAD Design Studio
FG73Y	CAS - Computer Art
FA53S	CAS AP Language & Composition
FA44Y	CAS AP Literature & Composition
FB07Y	CAS AP U.S. History
FD27Y	CAS Anatomy and Physiology
FB91F	CAS BEST History
FD50Y	CAS Chemistry
FB96Y	CAS World History and Cultures
FA18Y	CAS World Literature
AG37Y	Ceramics
AD50Y	Chemistry
IB79S	Comparative Values and Beliefs
AG05Y	Creative Arts
AJ58Y	Dance Production
UG63Y	Digital Photography
AS56Y	Digital Sound Engineering
AJ76Y	Dramatic Arts/Acting Workshop
AG15Y	Drawing
EA54S	ELD 1
EA56Y	ELD 2
EA69Y	ELD 3 - SEI Literature of Diversity
EA18Y	ELD 4 - SEI World Literature
EA10Y	ELD Writing 1
EA12Y	ELD Writing 2
AN53Y	EMT Basic
XR03Y	Economics
AA98Y	English 1
AR20Y	Executive leadership
AC04Y	Explorations in Data Science
AN06S	Field Studies
AN52Y	Fire Science
WE11Y	French I
WE12Y	French II
WE13Y	French III
WE14Y	French IV
WE15Y	French Seminar
AB94Y	Freshman Seminar Humanities: History
IB96Y	Global History
MB80F	Globalization
AG64Y	Graphic Design
AJ35Y	Guitar
AD27Y	Honors Anatomy and Physiology
DD36Y	Honors Forensic Science
IG30Y	IB Art History
IS44Y	IB Computer Science SL/HL
IN20Y	IB Film
IE38Y	IB Mandarin B
IJ84Y	IB Music
IG27Y	IB Studio Art A
IA15Y	IB-HL English 1
IA75Y	IB-HL English 2
IB10Y	IB-HL History of the Americas 1
IB07Y	IB-HL History of the Americas 2
IC78Y	IB-HL Math Analysis and approaches
ID72Y	IB-SL Biology
IB20Y	IB-SL Economics
ID78Y	IB-SL Environmental Systems & Societies
IC77Y	IB-SL Math Analysis and approaches
IC76Y	IB-SL Math Applications and Interpretations
AG71Y	IB/AP Art History
AD33Y	Integrated Science
AN61Y	Introduction to Carpentry
AS42Y	Introduction to Computer Programming
AM41Y	Introduction to Fitness
AA61Y	Introduction to Journalism
AJ46Y	Jazz Ensemble
AJ44Y	Jazz Lab Band I
AJ82Y	Jazz Lab Band II
AZ18Y	LEAP: College and Career Success Seminar
MA20Y	LGBTQIA+ Literature
WE51Y	Latin I
WE52Y	Latin II
WE53Y	Latin III
LB62Y	Latinx History
LA09Y	Latinx Literature Studies
AB89Y	Law and Social Justice I
AB91Y	Law and Social Justice II
AS55Y	Makerspace Engineering - formerly Mechatronics
WE41Y	Mandarin Chinese I
WE42Y	Mandarin Chinese II
WE43Y	Mandarin Chinese III
AC01Y	Math 1
AC02Y	Math 2
AC03Y	Math 3
AJ20Y	Music Chorus
AJ41Y	Orchestra 1
AJ42Y	Orchestra 2
AJ43Y	Orchestra 3
AM42S	PE Waiver
MB21Y	Personal Finance: Dream, Plan, Execute, Thrive
AD01Y	Physics 1
MB74F	Politics and Power
BB54F	Pop Culture: Inventing Hip Hop
AJ77Y	Production/Acting
AA62Y	Publications Jacket
MA51Y	Reading & Writing The Short Story
AR25S	Representative leadership
AS51Y	Robot Build
AS52Y	Robotics Engineering
ED33Y	SEI Integrated Science
EC01Y	SEI Math 1
EC02Y	SEI Math 2
EB07Y	SEI Seminar History
EB94Y	SEI World History
AM32Y	Soccer
AS46Y	Software Engineering: Advanced Topics in Computer Science
BE81Y	Spanish 1: Spanish in the African Diaspora
WE32Y	Spanish For Native Speakers 2
AE33Y	Spanish For Native Speakers 3
WE81Y	Spanish I
WE82Y	Spanish II
WE83Y	Spanish III
WE84Y	Spanish IV
AJ21Y	Stagecraft Technical Theatre 1/2
AJ23Y	Stagecraft Technical Theatre 3/4
AM40Y	Team Sports
AM98Y	Team Sports AM
HA71F	The World of Media
IB09F	Theory of Knowledge 1
IB09Y	Theory of Knowledge 2
XR04Y	U.S. History
MB96Y	World History
MA18Y	World Literature
AG78Y	Yearbook Design & Publishing
