normal	AHA AP Government
normal	AHA AP Language & Composition
normal	AHA AP Literature and Composition
normal	AHA AP Studio Art
normal	AHA Advanced Drawing and Painting
normal	AHA American Literature
normal	AHA Chemistry
normal	AHA Economics
normal	AHA Honors Anatomy and Physiology
normal	AHA U.S. History
normal	AHA World History
normal	AHA World Literature
normal	AMPS AP Government
normal	AMPS AP U.S. History
normal	AMPS Chemistry
normal	AMPS Economics
normal	AMPS World History & Cultures
normal	AMPS World Literature
normal	AP Biology
normal	AP Calculus AB
normal	AP Calculus BC
normal	AP Chemistry
normal	AP Chinese Language and Culture
normal	AP Computer Science A
normal	AP Computer Science Principles
normal	AP Environmental Science
normal	AP Language & Composition
normal	AP Latin IV
normal	AP Literature & Composition
normal	AP Literature & Composition: Patterns in Black Literature
normal	AP Macroeconomics
normal	AP Music Theory
normal	AP Physics 1
normal	AP Physics C
normal	AP Statistics
normal	AP Studio Art
normal	AP Studio Art: Photography
normal	AP U.S. History
normal	AP US Government & Politics
normal	AP/IB Spanish Language and Culture
normal	AP/IB Spanish Literature and Culture
normal	AVID
normal	Advanced Ceramics
normal	Advanced Dance/Dance Projects
normal	Advanced Digital Photography
normal	Advanced Drawing and Painting
normal	Advanced Math 1
normal	Advanced Math 2
normal	Advanced Math 3
normal	Advanced Photography
ext	Advanced Robot Build
normal	Advanced Robotics Engineering
normal	Advanced Sound Production
normal	Advanced Studio Editing
normal	Advanced Theater Projects
normal	African American Economics
normal	African American History 1/2
normal	African American Literature
normal	African Diaspora Advanced Dance
normal	African Diaspora Beginning Dance
normal	American Government
normal	Art of Video Production
normal	Asian American and Pacific Islander Literature
normal	BEST-English
normal	BEST-History
normal	BIHS Economics
normal	BIHS Global Literature
normal	Badminton
0	Band 1
0	Band 2
0	Band 3
normal	Basketball
normal	Beginning Modern/Jazz Dance
normal	Beginning Photography
normal	Biological Health Sciences
normal	Biology
normal	Biotechnology 1/2
normal	Biotechnology 3/4
normal	Black Gold, Black Soul: Oral Expressions in African American Culture
normal	Black Psychology and Sociology & Anthropology
normal	CAD Design Studio
normal	CAS - Computer Art
normal	CAS AP Language & Composition
normal	CAS AP Literature & Composition
normal	CAS AP U.S. History
normal	CAS Anatomy and Physiology
normal	CAS BEST History
normal	CAS Chemistry
normal	CAS World History and Cultures
normal	CAS World Literature
normal	Ceramics
normal	Chemistry
normal	Comparative Values and Beliefs
0	Creative Arts
normal	Dance Production
normal	Digital Photography
normal	Digital Sound Engineering
normal	Dramatic Arts/Acting Workshop
normal	Drawing
normal	ELD 1
normal	ELD 2
normal	ELD 3 - SEI Literature of Diversity
normal	ELD 4 - SEI World Literature
normal	ELD Writing 1
normal	ELD Writing 2
normal	EMT Basic
normal	Economics
normal	English 1
ext	Executive leadership
normal	Explorations in Data Science
normal	Field Studies
normal	Fire Science
normal	French I
normal	French II
normal	French III
normal	French IV
normal	French Seminar
normal	Freshman Seminar Humanities: History
normal	Global History
normal	Globalization
normal	Graphic Design
normal	Guitar
normal	Honors Anatomy and Physiology
normal	Honors Forensic Science
normal	IB Art History
normal	IB Computer Science SL/HL
normal	IB Film
normal	IB Mandarin B
normal	IB Music
normal	IB Studio Art A
normal	IB-HL English 1
normal	IB-HL English 2
normal	IB-HL History of the Americas 1
normal	IB-HL History of the Americas 2
normal	IB-HL Math Analysis and approaches
normal	IB-SL Biology
normal	IB-SL Economics
normal	IB-SL Environmental Systems & Societies
normal	IB-SL Math Analysis and approaches
normal	IB-SL Math Applications and Interpretations
normal	IB/AP Art History
normal	Integrated Science
7	Introduction to Carpentry
normal	Introduction to Computer Programming
normal	Introduction to Fitness
ext	Introduction to Journalism
normal	Jazz Ensemble
normal	Jazz Lab Band I
normal	Jazz Lab Band II
normal	LEAP: College and Career Success Seminar
normal	LGBTQIA+ Literature
normal	Latin I
normal	Latin II
normal	Latin III
normal	Latinx History
normal	Latinx Literature Studies
normal	Law and Social Justice I
normal	Law and Social Justice II
ext	Makerspace Engineering - formerly Mechatronics
normal	Mandarin Chinese I
normal	Mandarin Chinese II
normal	Mandarin Chinese III
normal	Math 1
normal	Math 2
normal	Math 3
0	Music Chorus
0	Orchestra 1
0	Orchestra 2
0	Orchestra 3
ext	PE Waiver
normal	Personal Finance: Dream, Plan, Execute, Thrive
normal	Physics 1
normal	Politics and Power
normal	Pop Culture: Inventing Hip Hop
normal	Production/Acting
normal	Publications Jacket
normal	Reading & Writing The Short Story
ext	Representative leadership
ext	Robot Build
normal	Robotics Engineering
normal	SEI Integrated Science
normal	SEI Math 1
normal	SEI Math 2
normal	SEI Seminar History
normal	SEI World History
normal	Soccer
normal	Software Engineering: Advanced Topics in Computer Science
normal	Spanish 1: Spanish in the African Diaspora
normal	Spanish For Native Speakers 2
normal	Spanish For Native Speakers 3
normal	Spanish I
normal	Spanish II
normal	Spanish III
normal	Spanish IV
ext	Stagecraft Technical Theatre 1/2
ext	Stagecraft Technical Theatre 3/4
normal	Team Sports
0	Team Sports AM
normal	The World of Media
normal	Theory of Knowledge 1
normal	Theory of Knowledge 2
normal	U.S. History
normal	World History
normal	World Literature
ext	Yearbook Design & Publishing
