AHA AP Studio Art	AHA Advanced Drawing and Painting
AHA AP Studio Art	Advanced Drawing and Painting
AHA AP Studio Art	Drawing
AP Biology	Chemistry
AP Biology	Physics 1
AP Calculus AB	Math 3
AP Calculus BC	Advanced Math 3
AP Calculus BC	Math 3
AP Chemistry	Math 1
AP Environmental Science	AP Biology
AP Environmental Science	AP Chemistry
AP Environmental Science	Biology
AP Environmental Science	Chemistry
AP Environmental Science	Physics 1
AP Latin IV	Latin I
AP Latin IV	Latin II
AP Latin IV	Latin III
AP Physics 1	AP Chemistry
AP Physics 1	Biology
AP Physics 1	Chemistry
AP Physics 1	Math 3
AP Physics 1	Physics 1
AP Physics C	AP Biology
AP Physics C	Biology
AP Physics C	Chemistry
AP Physics C	Physics 1
AP Statistics	Math 3
AP Studio Art	Drawing
AP Studio Art: Photography	Advanced Photography
AP Studio Art: Photography	Digital Photography
AP/IB Spanish Literature and Culture	AP/IB Spanish Language and Culture
Advanced Drawing and Painting	Drawing
Advanced Math 1	Advanced Math 1
Advanced Math 1	Math 1
Advanced Math 2	Advanced Math 1
Advanced Math 2	Math 1
Advanced Math 3	Advanced Math 2
Advanced Math 3	Math 2
Advanced Robot Build	Robot Build
Advanced Robotics Engineering	Robotics Engineering
Advanced Studio Editing	Art of Video Production
Advanced Studio/Editing	Art of Video Production
Band 1	Band 3
Band 2	Band 1
Band 2	Band 3
Biology	Chemistry
Biology	Physics 1
Chemistry	Math 1
Chemistry	Physics 1
EMT Basic	Fire Science
Explorations in Data Science	Math 2
French IV	French I
French IV	French II
French IV	French III
French Seminar	French I
French Seminar	French IV
Honors Anatomy and Physiology	AP Chemistry
Honors Anatomy and Physiology	Biology
Honors Anatomy and Physiology	Chemistry
Honors Anatomy and Physiology	Physics 1
Honors Forensic Science	Chemistry
IB-HL Math Analysis and approaches	Advanced Math 3
IB-HL Math Analysis and approaches	Math 3
IB-SL Biology	Biology
IB-SL Biology	Chemistry
IB-SL Biology	Physics 1
IB-SL Math Analysis and approaches	Math 3
IB-SL Math Applications and Interpretations	Math 2
Latin II	Latin I
Latin III	Latin I
Latin III	Latin II
Law and Social Justice II	Law and Social Justice I
Math 2	Math 1
Math 3	Math 2
Orchestra 1	Orchestra 3
Orchestra 2	Orchestra 1
Orchestra 2	Orchestra 3
SEI Math 2	Math 1
Spanish II	Spanish I
