AHA Honors Anatomy and Physiology	bio
AP Biology	bio
AP Environmental Science	bio
Biological Health Sciences	bio
Biology	bio
Biotechnology 1/2	bio
Biotechnology 3/4	bio
CAS Anatomy and Physiology	bio
Honors Anatomy and Physiology	bio
IB-SL Biology	bio
IB-SL Environmental Systems & Societies	bio
Integrated Science	bio
SEI Biology	bio
AHA Economics	econ
AMPS Economics	econ
AP Macroeconomics	econ
African American Economics	econ
BIHS Economics	econ
Economics	econ
Government/Economics	econ
IB-SL Economics	econ
AVID	elect
Black Gold, Black Soul: Oral Expressions in African American Culture	elect
Black Psychology and Sociology & Anthropology	elect
Community Service: A Sociological Perspective	elect
Comparative Values and Beliefs	elect
Executive leadership	elect
Field Studies	elect
Globalization	elect
IB-SL Social and Cultural Anthropology	elect
IB/AP Art History	elect
Introduction to Computer Programming	elect
Introduction to Journalism	elect
LEAP: College and Career Success Seminar	elect
Personal Finance: Dream, Plan, Execute, Thrive	elect
Pop Culture: Inventing Hip Hop	elect
Production/Acting	elect
Psychology	elect
Publications Jacket	elect
Representative leadership	elect
Robot Build	elect
Robotics Engineering	elect
SEI Integrated Science	elect
Sociology	elect
Theory of Knowledge 1	elect
Theory of Knowledge 2	elect
AHA AP Language & Composition	eng
AHA AP Literature and Composition	eng
AHA American Literature	eng
AHA World Literature	eng
AMPS Literacy, Advocacy and Public Service: Advanced English in Public Service Work	eng
AMPS World Literature	eng
AP Language & Composition	eng
AP Language Augmentation	eng
AP Literature & Composition	eng
AP Literature & Composition: Patterns in Black Literature	eng
African American Literature	eng
American Literature	eng
Asian American and Pacific Islander Literature	eng
BEST-English	eng
BIHS Global Literature	eng
CAS AP Language & Composition	eng
CAS AP Literature & Composition	eng
CAS World Literature	eng
ELD 1	eng
ELD 2	eng
ELD 3 - SEI Literature of Diversity	eng
ELD 4 - SEI World Literature	eng
ELD Writing 1	eng
ELD Writing 2	eng
English 1	eng
IB-HL English 1	eng
IB-HL English 2	eng
LGBTQIA+ Literature	eng
Latinx Literature Studies	eng
Reading & Writing The Short Story	eng
Reading and Writing Your Way to a Healthier World: Advanced English and Public Health	eng
The World of Media	eng
World Literature	eng
Freshman Seminar Humanities: History	ethnic
AHA AP Government	gov
AMPS AP Government	gov
AP US Government & Politics	gov
American Government	gov
Government/Economics	gov
Politics and Power	gov
AHA AP Studio Art	lacte
AHA Advanced Drawing and Painting	lacte
AP Chinese Language and Culture	lacte
AP Computer Science Principles	lacte
AP Latin IV	lacte
AP Music Theory	lacte
AP Studio Art	lacte
AP Studio Art: Photography	lacte
AP/IB Spanish Language and Culture	lacte
AP/IB Spanish Literature and Culture	lacte
Advanced Ceramics	lacte
Advanced Dance/Dance Projects	lacte
Advanced Digital Photography	lacte
Advanced Drawing and Painting	lacte
Advanced Photography	lacte
Advanced Robot Build	lacte
Advanced Robotics Engineering	lacte
Advanced Sound Production	lacte
Advanced Studio Editing	lacte
Advanced Studio/Editing	lacte
Advanced Theater Projects	lacte
African Diaspora Advanced Dance	lacte
African Diaspora Beginning Dance	lacte
Art of Video Production	lacte
Band 1	lacte
Band 2	lacte
Band 3	lacte
Beginning Modern/Jazz Dance	lacte
Beginning Photography	lacte
CAD Design Studio	lacte
CAS - Computer Art	lacte
Ceramics	lacte
Creative Arts	lacte
Dance Production	lacte
Digital Photography	lacte
Digital Sound Engineering	lacte
Dramatic Arts/Acting Workshop	lacte
Drawing	lacte
EMT Basic	lacte
Fire Science	lacte
French I	lacte
French II	lacte
French III	lacte
French IV	lacte
French Seminar	lacte
Fundamentals of Carpentry	lacte
Graphic Design	lacte
Guitar	lacte
Honors Forensic Science	lacte
IB Art History	lacte
IB Computer Science SL/HL	lacte
IB Film	lacte
IB Mandarin B	lacte
IB Music	lacte
IB Studio Art A	lacte
IB Visual Arts	lacte
Introduction to Carpentry	lacte
Jazz Ensemble	lacte
Jazz Lab Band I	lacte
Jazz Lab Band II	lacte
Latin I	lacte
Latin II	lacte
Latin III	lacte
Law and Social Justice I	lacte
Law and Social Justice II	lacte
Makerspace Engineering - formerly Mechatronics	lacte
Mandarin Chinese I	lacte
Mandarin Chinese II	lacte
Mandarin Chinese III	lacte
Music Chorus	lacte
Orchestra 1	lacte
Orchestra 2	lacte
Orchestra 3	lacte
Software Engineering: Advanced Topics in Computer Science	lacte
Spanish 1: Spanish in the African Diaspora	lacte
Spanish For Native Speakers 2	lacte
Spanish For Native Speakers 3	lacte
Spanish I	lacte
Spanish II	lacte
Spanish III	lacte
Spanish IV	lacte
Stagecraft Technical Theatre 1/2	lacte
Stagecraft Technical Theatre 3/4	lacte
Yearbook Design & Publishing	lacte
AP Calculus AB	math
AP Calculus BC	math
AP Computer Science A	math
AP Statistics	math
Advanced Math 2	math
Advanced Math 3	math
Explorations in Data Science	math
IB-HL Math Analysis and approaches	math
IB-SL Math Analysis and approaches	math
IB-SL Math Applications and Interpretations	math
Math 2	math
Math 3	math
SEI Math 2	math
Advanced Math 1	math1
Math 1	math1
SEI Math 1	math1
Badminton	pe
Basketball	pe
Introduction to Fitness	pe
PE Waiver	pe
Soccer	pe
Team Sports	pe
AHA Chemistry	phys
AMPS Chemistry	phys
AP Chemistry	phys
AP Environmental Science	phys
AP Physics 1	phys
AP Physics C	phys
Biotechnology 1/2	phys
CAS Chemistry	phys
Chemistry	phys
IB-SL Environmental Systems & Societies	phys
Integrated Science	phys
Physics 1	phys
BEST-History	soc
CAS BEST History	soc
SEI Seminar History	soc
AHA U.S. History	ush
AMPS AP U.S. History	ush
AP U.S. History	ush
African American History 1/2	ush
CAS AP U.S. History	ush
IB-HL History of the Americas 1	ush
IB-HL History of the Americas 2	ush
Latinx History	ush
U.S. History	ush
AHA World History	wh
AMPS World History & Cultures	wh
CAS World History and Cultures	wh
Global History	wh
SEI World History	wh
World History	wh
